{"cameraMode":{"drawMode":0,"name":"Shaded","section":"Shading Mode"},"sceneLighting":false,"audioPlay":false,"sceneViewState":{"m_AlwaysRefresh":false,"showFog":true,"showSkybox":false,"showFlares":true,"showImageEffects":true,"showParticleSystems":true,"showVisualEffectGraphs":true,"m_FxEnabled":true},"in2DMode":false,"pivot":{"x":-0.41237345337867739,"y":-0.11150451749563217,"z":1.1292836666107178},"rotation":{"x":0.3687717318534851,"y":-0.5459665656089783,"z":0.29112523794174197,"w":0.6944727301597595},"size":0.8408976793289185,"orthographic":false}